ProjID,sample,SI-ID,LinkedTo,Comments,siteName,revisedSpecies,phylum,Date,Transect,Depth.m,Replicate,Tissue,VialAmount,batch,targetFA,type,Latitude (dec),Longitude (dec),Ice cover (NIC-Midpoint-Annual),CN ratio,d15N,d13C,8:0,9:0,10:0,11:0,11:1,12:0,13:0,13:1,14:0,14:1,15:0,16:0,16:1w7c,16:2w6,17:0,16:3w4,16:3w3,16:4w3,16:4w1,18:0,18:1w9c,18:1w7c,18:2w6c,18:3w6,19:0,18:3w3,18:4w3c,20:0,20:1w9,20:2w6,20:3w6,20:4w6,20:3w3,20:5w3,22:0,22:1w9c,22:2w6,23:0,22:4w6,22:5w6,22:3w6,22:5w3,22:6w3,24:0,24:1w9
15F1491,ADUT_15F1491_0225,n/a,NA,NA,F,Adenocystis utricularis,Ochrophyta,2019.05.18,T3,5m,1,thallus,0.5ml,batch_11,standardsplus,Bside,NA,NA,NA,NA,NA,NA,2.48228e-4,0.006160258,5.80365e-4,1.53832e-4,0.001066333,0.00104186,1.50335e-4,1.85297e-4,0.102623179,0,0.003877256,0.179668353,0.004765284,0.003845791,0.001038364,3.49617e-4,0,0,0,0.035828785,0.057375702,0.001328546,0.149349537,0.002034773,0.652962832,0.077968164,0.110409157,0,0,9.64944e-4,0,0.096878966,0,0.160163201,0.001943872,0,0,0,0,0,0,0,0,0,0
XXF0832,ASMI_XXF0832_0226,n/a,NA,From Lemeire Channel. 3 reps taken from different parts of the same individual.,XX,Ascoseira mirabilis,Ochrophyta,2019.05.09,NA,5-15m,1,blade,~1ml,batch_14,standardsplus,Bside,NA,NA,NA,NA,NA,NA,1.7388e-5,5.46419e-4,5.73805e-5,3.30373e-5,6.12928e-5,2.37781e-4,0,0,0.084925788,0,0.002439107,0.097059161,0.008069354,0.004868651,0.001146306,5.65111e-4,0,0,0.002043095,0.007803317,0.249026705,0,0.050800458,0.004887343,0.11393773,0.067549921,0.113891217,0,1.97789e-4,0.001258459,0.006302729,0.105751007,0,0.190329903,0,0,0,0,0,0,0,1.3128e-4,0,0,0
XXF0833,ASMI_XXF0833_0237,n/a,NA,From Lemeire Channel. 3 reps taken from different parts of the same individual.,XX,Ascoseira mirabilis,Ochrophyta,2019.05.09,NA,5-15m,2,blade,~1ml,batch_15,standardsplus,Bside,NA,NA,NA,NA,NA,NA,2.4946e-5,5.90233e-4,4.42439e-5,1.57678e-5,3.57717e-5,2.50402e-4,5.38929e-5,0,0.084741941,0,0.002501194,0.091249564,0.005323627,0.00388311,0.00123883,3.76544e-4,0,9.4136e-5,6.82486e-4,0.005148534,0.25802633,0,0.058919257,0.006590697,0.079225336,0.076067544,0.101765733,0,2.51814e-4,0.001363325,0.008526134,0.105729565,0,0.184085319,0.002360696,0,5.83643e-5,0,0,0,0,0,0,0,0
XXF0834,ASMI_XXF0834_0249,n/a,NA,From Lemeire Channel. 3 reps taken from different parts of the same individual.,XX,Ascoseira mirabilis,Ochrophyta,2019.05.09,NA,5-15m,3,blade,~1ml,batch_11,standardsplus,Bside,NA,NA,NA,NA,NA,NA,1.31001e-5,1.71493e-4,4.24762e-5,2.81851e-5,2.42154e-5,4.4461e-4,7.4234e-5,0,0.094611085,0,0.003374672,0.096608656,0.005786682,0.004168221,0.001369955,3.57276e-4,0,0,8.33644e-4,0.005619557,0.273330131,0,0.06130898,0.006765222,0.077820695,0.062058069,0.090010956,0,0,0.001218312,0.009296722,0.109663525,0.001756608,0.169224631,0.001733583,0,0,1.5482e-5,0,0,0,8.9716e-5,0,0,0
14F1383,ASCR_14F1383_0251,n/a,NA,NA,B,Austropugetia crassa,Rhodophyta,2019.05.17,T2,25m,1,blade,1ml,batch_11,standardsplus,Bside,NA,NA,NA,NA,NA,NA,3.37364e-5,0.002255145,1.34945e-4,7.31819e-4,1.55706e-4,0.001053612,4.07431e-4,8.12268e-4,0.050627885,0,0.005185018,0.231732414,0.034200877,0.001038042,9.73164e-4,2.5951e-4,0,0,0,0.007736005,0.013530873,0.002044942,0.00111849,0,0.410179555,0,0,0,0,0,0,0.472083168,0,0.173884949,0,0,0,0,0,0,0,0,0,0,0
14F1382,ASCR_14F1382_0263,n/a,NA,NA,B,Austropugetia crassa,Rhodophyta,2019.05.17,T3,20m,2,thallus,1ml,batch_15,standardsplus,Bside,NA,NA,NA,NA,NA,NA,3.86672e-5,0.004098719,1.24594e-4,5.24155e-4,2.73534e-4,7.5759e-4,3.6519e-4,0,0.034967999,0,0.004741739,0.218132892,0.040424365,0.001288905,0.00132614,1.43212e-4,0,0,0,0.009023769,0.022265122,0.002762554,0.002183978,0,0.483433987,9.50926e-4,2.87856e-4,0,8.36356e-4,0,5.44204e-4,0.463448795,0,0.189600826,5.12698e-4,0,0,0,3.75215e-4,0,0,0,0,0,0
12F1116,BACA_12F1116_0264,12-S-045,12S045,bryozoan epibionts,A,Ballia callitricha,Rhodophyta,2019.05.15,T1,10m,1,thallus,~0.5ml,batch_14,standardsplus,Bside,-64.77195,-64.36985,37.26531,9.360944965,2.326,-33.233,3.40986e-5,0.003521127,7.89651e-5,5.02505e-5,1.63314e-4,7.28633e-4,3.32012e-4,0,0.045430073,0,0.004716372,0.250240485,0.037729178,0.004666121,0.002684814,0.006640249,0,0,0.007178648,0.032418774,0.023666207,0.013203328,0.006189789,0.001455471,0.467286902,0.004529727,0.006988414,0,0.006837662,0.002119496,0.00140881,0.085589223,0,0.418567214,0,0,0,0,0,0,0,0.003522921,0.029308624,0,0
14F1346,CAAT_14F1346_0188,14-S-092,NA,NA,B,Phyllophora antarctica,Rhodophyta,2019.05.17,T2,30m,1,thallus,0.5ml,batch_9,standardsplus,Bside,-64.77926667,-64.04408333,41.06122,6.479812376,1.571,-37.898,2.05541e-4,0.001069915,1.21122e-4,6.60668e-5,1.63332e-4,8.31341e-4,0,2.36739e-4,0.019453004,0,0.003389594,0.280873844,0.017693057,0.001284632,0.00189575,0.002385746,0,7.34076e-4,7.34076e-4,0.010932221,0.025797252,0.003426298,0.018874919,8.7355e-4,0.330510201,0.001049728,0.001299314,1.89024e-4,0,4.40445e-4,4.95501e-4,0.383448063,0,0.220330958,0,0,0,0,4.77149e-4,0,0,0,0.001227741,0,0
14F1385,CAAT_14F1385_0200,14-S-099,14S092,NA,B,Phyllophora antarctica,Rhodophyta,2019.05.17,T3,20m,3,thallus,1ml,batch_6,standardsplus,Bside,-64.77926667,-64.04408333,41.06122,7.48486563,2.548,-35.316,1.21453e-4,2.3372e-4,8.98139e-5,5.71543e-5,2.61277e-4,6.8381e-4,0,0,0.015423493,0,0.004339643,0.234568342,0.005830758,4.08245e-4,0.002164719,3.06184e-4,0,0,1.02061e-4,0.00868439,0.021433879,0.002670942,0.017366739,0.001026736,0.285611204,0,0,0,0,3.5007e-4,6.53192e-4,0.584848602,0,0.097116362,0,4.89894e-4,0,0,3.79668e-4,0,0,0,3.88853e-4,0,0
14F1394,CAAT_14F1394_0212,14-S-101,14S099,NA,B,Phyllophora antarctica,Rhodophyta,2019.05.17,Bulk collections,5-35m,4,blade,1ml,batch_8,standardsplus,Bside,-64.77926667,-64.04408333,41.06122,6.758745001,1.79,-35.185,1.57732e-5,6.67328e-5,4.36797e-5,4.1253e-5,9.3426e-5,6.67328e-4,2.69358e-4,0,0.019737145,0,0.004315794,0.249038441,0.00842411,3.63997e-4,0.002408449,4.8533e-4,0,0,3.63997e-4,0.009216411,0.018747073,0.002296823,0.014568384,9.63379e-4,0.260079691,0.001002206,0,0,3.54291e-4,4.69556e-4,9.60953e-4,0.531921347,0,0.133164762,0,0,0,0,0,0,0,0,0,0,0
12F1200,CORA_12F1200_0254,n/a,NA,NA,A,Curdiea racovitzae,Rhodophyta,2019.05.15,T3,5m,1,blade,1ml,batch_15,standardsplus,Bside,NA,NA,NA,NA,NA,NA,0,2.79845e-4,7.86714e-5,7.08043e-5,0,0.011417468,4.4056e-4,0,0.017306584,0,0.002354523,0.231738964,0.002622005,1.12388e-4,0.001013737,1.12388e-4,0,0,0,0.006679202,0.012037848,0.013285351,0.007960422,0.003807696,0.337539631,2.60739e-4,0,0,9.28322e-4,0.005743012,0.019668973,0.252783563,0,0.408418064,8.78872e-4,0,0,0,0,0,0,0,0,0,0
12F1201,CORA_12F1201_0270,n/a,NA,NA,A,Curdiea racovitzae,Rhodophyta,2019.05.15,T3,5m,2,blade,1ml,batch_14,standardsplus,Bside,NA,NA,NA,NA,NA,NA,2.73292e-5,0.002198486,1.70049e-4,6.52865e-5,8.80609e-5,0.011844193,3.29469e-4,0,0.020656357,0,0.002414084,0.224719306,0.003114016,3.03658e-4,9.83853e-4,1.51829e-4,0,0,6.07317e-4,0.009650262,0.016928952,0.016856074,0.011581528,0.007102568,0.38066152,0,6.07317e-5,0,0.001070396,0.007192147,0.022372027,0.184637925,0,0.454199974,0,0,0,0,0,0,0,6.74121e-4,0,0,0
12F1101,CYOB_12F1101_0238,12-S-033,12S033,NA,A,Meridionella antarctica,Rhodophyta,2019.05.15,T1,25m,1,thallus,1ml,batch_11,standardsplus,Bside,-64.77195,-64.36985,37.26531,23.77853359,2.66,-27.391,7.14389e-5,0.002954346,1.19833e-4,4.60896e-5,1.82054e-4,8.29614e-4,7.60479e-5,0,0.010702014,0,0.009847052,0.377407319,0.027732136,0.00253493,0.002311395,0.001613137,0,0,0.002074034,0.036853276,0.058423227,0.031094375,0.004572092,0.017143042,0.39473472,0,0.004910851,0,0.001225984,0,0.003627255,0.115493724,0,0.287792928,0,0,0,0,0,0,0,0,3.61804e-4,0,0
12F1193,CYOB_12F1193_0250,NA,NA,NA,A,Meridionella antarctica,Rhodophyta,2019.05.15,T3,25m,3,thallus,1ml,batch_15,standardsplus,Bside,NA,NA,NA,NA,NA,NA,0,5.17551e-5,3.88164e-5,4.0254e-5,1.13574e-4,3.32096e-4,9.05715e-5,0,0.006561402,0,0.008328266,0.405294551,0.033077289,0.001868936,0.001966696,0.001725172,0,1.43764e-4,0.0020127,0.009535886,0.05495534,0.02667834,0.004504135,0.014374992,0.442183032,1.78268e-4,0,0,0,5.7937e-4,0.005195642,0.11635707,0,0.305995115,0,0,0,0,0,0,0,0,0,0,0
12F1164,CYOB_12F1164_0265,NA,NA,NA,A,Meridionella antarctica,Rhodophyta,2019.05.15,T2,25m,2,thallus,1ml,batch_15,standardsplus,Bside,NA,NA,NA,NA,NA,NA,6.19463e-5,0.006571936,8.44722e-5,5.91305e-5,2.21036e-4,4.9557e-4,0,0,0.008627426,0,0.007498314,0.392474655,0.042495139,0.0032381,0.001647208,0.003801248,0,0.002534165,0.004082822,0.01298619,0.051668818,0.025790765,0.004954294,0.018146033,0.480748086,0.003142365,0.010180306,0,0,0,0.007289949,0.116474469,0,0.273760265,0,0,0,0,0,0,0,4.87123e-4,0.001226255,0,0
14-S-005,NA,14-S-005,NA,NA,NA,Meridionella antarctica,Rhodophyta,NA,NA,NA,NA,NA,NA,NA,NA,NA,-64.77926667,-64.04408333,41.06122,7.77498898,0.279,-35.357,NA,NA,NA,NA,NA,NA,NA,NA,NA,NA,NA,NA,NA,NA,NA,NA,NA,NA,NA,NA,NA,NA,NA,NA,NA,NA,NA,NA,NA,NA,NA,NA,NA,NA,NA,NA,NA,NA,NA,NA,NA,NA,NA,NA,NA
14-S-013,NA,14-S-013,NA,NA,NA,Meridionella antarctica,Rhodophyta,NA,NA,NA,NA,NA,NA,NA,NA,NA,-64.77926667,-64.04408333,41.06122,7.537397939,1.669,-35.175,NA,NA,NA,NA,NA,NA,NA,NA,NA,NA,NA,NA,NA,NA,NA,NA,NA,NA,NA,NA,NA,NA,NA,NA,NA,NA,NA,NA,NA,NA,NA,NA,NA,NA,NA,NA,NA,NA,NA,NA,NA,NA,NA,NA,NA
14-S-019,NA,14-S-019,NA,NA,NA,Meridionella antarctica,Rhodophyta,NA,NA,NA,NA,NA,NA,NA,NA,NA,-64.77926667,-64.04408333,41.06122,6.790697252,0.967,-35.92,NA,NA,NA,NA,NA,NA,NA,NA,NA,NA,NA,NA,NA,NA,NA,NA,NA,NA,NA,NA,NA,NA,NA,NA,NA,NA,NA,NA,NA,NA,NA,NA,NA,NA,NA,NA,NA,NA,NA,NA,NA,NA,NA,NA,NA
12F1097,CYJA_12F1097_0224,12-S-076,nd,NA,A,Cystosphaera jacquinotii,Ochrophyta,2019.05.15,T1,30m,1,blade,~0.8ml,batch_10,standardsplus,Bside,-64.77195,-64.36985,37.26531,20.99471491,1.68,-28.246,4.83369e-5,0.001397167,1.51916e-4,7.5958e-5,2.58948e-4,3.87846e-4,7.48071e-5,0,0.03402459,0,0.002862236,0.171312957,0.003898028,0.003107374,0.002088846,2.30176e-4,0,0,6.90527e-4,0.020651375,0.081896557,0,0.07536762,0.005233047,0.269558903,0.107019097,0.081951799,0,0,0,0.001926572,0.247142079,0.001135918,0.153020885,0,0,0,0,0,0,0,0.003164918,0,8.80423e-4,0
14F1349,CYJA_14F1349_0189,14-S-067,NA,NA,B,Cystosphaera jacquinotii,Ochrophyta,2019.05.17,T2,25m,2,blade,1ml,batch_15,standardsplus,Bside,-64.77926667,-64.04408333,41.06122,20.97229763,0.561,-29.269,7.23286e-5,7.89039e-4,5.09588e-5,2.63013e-5,5.8356e-5,1.10137e-4,0,0,0.027576089,0,0.001918351,0.184345796,0,0.002301364,0.001766297,0,0,0,0,0.008649017,0.088168526,0,0.061551612,0.003742182,0.260691067,0.115056671,0.068855154,0,0,9.74792e-4,0.003135608,0.271219805,0,0.152044515,0.003876976,0,0,0,0,0,0,0.003710127,0,0,0
14F1347,CYJA_14F1347_0201,14-S-068,14S067,NA,B,Cystosphaera jacquinotii,Ochrophyta,2019.05.17,T2,30m,1,blade,1ml,batch_7,standardsplus,Bside,-64.77926667,-64.04408333,41.06122,22.81787162,1.846,-26.827,5.70556e-5,3.22364e-4,5.80065e-5,2.66259e-5,8.65343e-5,1.86382e-4,0,0,0.02627505,0,0.00185811,0.177237482,0,0.002947872,0.001635594,2.85278e-4,0,0,1.90185e-4,0.007750051,0.077948395,0,0.053826243,0.00400245,0.261091131,0.134512355,0.090324703,0,0,6.50434e-4,0.001257125,0.226154092,0,0.185656986,0.003039161,0,0,0,0,0,0,0.002941216,0,7.7025e-4,0
14F1354,CYJA_14F1354_0213,14-S-074,14S074,NA,B,Cystosphaera jacquinotii,Ochrophyta,2019.05.17,T2,20m,3,blade,1ml,batch_10,standardsplus,Bside,-64.77926667,-64.04408333,41.06122,23.81511915,0.932,-28.777,8.39945e-5,0.002297621,1.76495e-4,8.08048e-5,3.2003e-4,3.7957e-4,7.65519e-5,0,0.034931071,0,0.002396501,0.170215345,0.002012678,0.004040241,0.001647993,0,0,0,2.12644e-4,0.020000255,0.073692929,5.57128e-4,0.061948587,0.005741395,0.257053941,0.097486758,0.121074321,0,0,0,0.001367303,0.21589452,0,0.18101023,0,0,0,0,0,0,0,0.001822361,0,5.32674e-4,0
15F1405,DEPU_15F1405_0239,15-S-017,15S017,NA,F,Delisea pulchra,Rhodophyta,2019.05.18,T1,15m,1,thallus,0.5ml,batch_15,standardsplus,Bside,-65.240183,-64.230867,62.85714,7.456400689,2.203,-34.887,1.35093e-4,0.005221793,1.23109e-4,1.2202e-4,1.56883e-4,0.013058295,0.001136309,0,0.053563413,0,0.005677188,0.263623726,0.023708878,0.001634193,0.001476221,0.001089462,0,0,6.53677e-4,0.016273298,0.041591312,0.014554127,0.028634337,0.002477437,0.309646971,0,0,0,0,0.001842281,0.007356049,0.11325941,0,0.401933142,0,0,0,0,0,0,0,0,6.98345e-4,0,0
08F0624,DEAP_08F0624_0190,08-S-036,08S036,NA,G,Desmarestia anceps,Ochrophyta,2019.05.05,T1,15m,1,thallus,1ml,batch_15,standardsplus,Bside,-65.513117,-64.420267,73.95918,12.68468762,5.96,-29.585,3.40514e-5,2.7503e-4,3.55482e-5,1.94579e-5,0,1.23109e-4,7.52124e-5,0,0.040091961,0,9.366e-4,0.101343683,0.030093948,0.007408985,7.18821e-4,0.008307043,0,0,0.011637344,0.009383591,0.073168961,5.60164e-4,0.045900904,0.00609258,0.153230897,0.093721784,0.147543192,0,0,0.001799859,0.003447049,0.194561805,0,0.22170114,2.23018e-4,0,0,0,0,0,0,4.78965e-5,7.4726e-4,0,0
08F0688,DEAP_08F0688_0202,08-S-080,08S080,NA,G,Desmarestia menziesii,Ochrophyta,2019.05.05,amphipod bag,5-30m,2,thallus,1ml,batch_7,standardsplus,Bside,-65.513117,-64.420267,73.95918,15.64272226,5.735,-29.825,3.08958e-5,2.54269e-4,2.59241e-5,2.30831e-5,1.66909e-5,1.31396e-4,0,0,0.040444076,0,0.001150604,0.103542972,0,0.005753019,9.14446e-4,0.003870858,0,0,0.006889417,0.008847219,0.084083564,0,0.060834621,0.007643347,0.09664077,0.101679988,0.152221677,0,0,0.001841321,0.004487355,0.237305982,0.0014102,0.175695414,1.42405e-4,0,0,0,0,0,0,0,4.66634e-4,2.92623e-4,0
08F0689,DEAP_08F0689_0214,08-S-086,08S086,NA,G,Desmarestia menziesii,Ochrophyta,2019.05.05,amphipod bag,5-30m,3,thallus,1ml,batch_10,standardsplus,Bside,-65.513117,-64.420267,73.95918,12.03489189,6.363,-28.708,5.11619e-6,6.85569e-5,4.80921e-5,4.39992e-5,6.29291e-5,3.53528e-4,5.16735e-5,0,0.053183777,0,0.002101729,0.112033218,0.008769143,0.005883614,0.001211513,0.00219996,0,0,0.005934776,0.015592089,0.092049396,0.001480624,0.053809487,0.006960059,0.133752451,0.099821394,0.128868028,0,0,0.001826478,0.005190371,0.222289585,0.002112985,0.17755212,0,0,0,0,0,0,0,0,0,4.95758e-4,0
09F0728,DEAP_09F0728_0269,09-S-024,09S024,NA,E,Desmarestia menziesii,Ochrophyta,2019.05.07,T1,10m,1,thallus,0.5ml,batch_15,standardsplus,Bside,-65.10425,-64.04705,53.5102,14.62460238,5.382,-23.764,3.59821e-5,0.001285462,5.39732e-5,4.2279e-5,0,1.74963e-4,2.78862e-5,0,0.055031091,0,0.001334488,0.126456096,0.067977016,0.008950558,8.2534e-4,0.009760157,0,0,0.021049554,0.014376216,0.087683987,0.001784714,0.044993872,0.004224753,0.156445864,0.070171028,0.090633173,0,0,0.00147122,0.004625954,0.179809969,0,0.205068985,3.49027e-4,0,0,0,0,0,0,7.15145e-5,0.001730741,0,0
12F1092,DEAP_12F1092_0240,12-S-020,12S020,NA,A,Desmarestia anceps,Ochrophyta,2019.05.15,T1,30m,1,thallus,1ml,batch_11,standardsplus,Bside,-64.77195,-64.36985,37.26531,12.08164597,0.495,-31.643,3.15825e-5,0.001463322,7.50084e-5,4.5005e-4,1.06591e-4,3.89517e-4,6.71128e-5,0,0.032541797,0,0.002559497,0.132918813,0.070790812,0.011053868,0.001273827,0.007237652,0,0,0.027108295,0.02014041,0.062907036,0.004234684,0.014060783,0.003174039,0.230261279,0.072298876,0.10144424,0,0,5.01372e-4,0.001477797,0.204462341,0,0.163669621,0,0,0,0,0,0,0,0.063561056,0,0,0
12F1144,DEAP_12F1144_0266,12-S-062,12S062,NA,A,Desmarestia menziesii,Ochrophyta,2019.05.15,nd,5m,3,thallus,1ml,batch_14,standardsplus,Bside,-64.77195,-64.36985,37.26531,11.55051689,1.704,-27.104,2.48802e-5,9.85028e-4,3.27966e-5,3.78857e-5,2.48802e-5,1.66245e-4,0,0,0.052662233,0,0.001350879,0.117864062,0.039063534,0.014419179,8.67978e-4,0.012722805,0,0,0.024880151,0.010515822,0.092514015,0.002420726,0.038657535,0.005611605,0.160470755,0.069140244,0.099183026,0,0,0.001747265,0.003211236,0.171310585,0,0.238815524,0,0,0,0,0,0,0,8.12563e-4,9.5732e-4,0,0
14F1390,DEAP_14F1390_0252,14-S-040,NA,NA,B,Desmarestia anceps,Ochrophyta,2019.05.17,T3,10m,5,thallus,1ml,batch_15,standardsplus,Bside,-64.77926667,-64.04408333,41.06122,12.62320357,1.357,-33.389,0,0.001996008,3.7839e-5,2.16392e-4,8.86852e-5,1.26524e-4,4.13864e-5,0,0.031179347,0,0.001596333,0.117777478,0.098358969,0.010050988,9.69625e-4,0.006621827,0,0,0.026723804,0.013773401,0.055944982,0.002124897,0.011913377,0.002900597,0.314321594,0.064950667,0.091848294,0,0,5.07279e-4,0.002320005,0.203427269,0,0.163338016,2.97982e-4,0,0,0,0.031385097,0,0,0.05948293,0,0,0
07F0570,DEAN_07F0570_0191,07-S-084,07S084,NA,J,Desmarestia antarctica,Ochrophyta,2019.05.04,Bulk collection,5-10m,1,thallus,1ml,batch_9,standardsplus,Bside,-66.089417,-65.83855,58.36735,13.23244912,3.583,-23.907,7.50221e-5,0.001015683,5.00147e-5,1.04839e-4,1.39464e-4,2.43341e-4,0,1.87555e-4,0.08592432,0,0.001383099,0.082089538,0.004725429,0.003654922,4.86682e-4,2.88546e-4,0,0,6.73275e-4,0.009096907,0.093505397,0,0.055442274,0.008718912,0.181906407,0.058287342,0.132312969,0.004653292,0,0,0.007117479,0.242922437,3.77996e-4,0.20641458,0,0,0,0,0,0,0,0,0,1.08686e-4,0
07F0571,DEAN_07F0571_0203,07-S-085,07S085,NA,J,Desmarestia antarctica,Ochrophyta,2019.05.04,Bulk collection,5-10m,2,thallus,1ml,batch_8,standardsplus,Bside,-66.089417,-65.83855,58.36735,11.15599715,2.752,-27.122,5.73105e-5,6.86907e-4,4.9942e-5,5.73105e-5,9.41529e-5,1.71113e-4,7.61411e-5,0,0.072636127,0,0.001183052,0.078312321,0.00405922,0.003929862,4.32285e-4,2.45616e-4,0,0,5.73105e-4,0.006797842,0.078781448,0,0.033251543,0.006928838,0.190848007,0.065263542,0.157923952,0,0,3.39769e-4,0.004658524,0.261375108,4.65852e-4,0.221649117,0,0,0,0,0,0,0,0,0,0,0
07F0574,DEAN_07F0574_0215,07-S-086,NA,NA,J,Desmarestia antarctica,Ochrophyta,2019.05.04,Bulk collection,5-10m,5,thallus,1ml,batch_10,standardsplus,Bside,-66.089417,-65.83855,58.36735,11.45752829,3.089,-26.63,5.15507e-5,8.87244e-4,9.73735e-5,1.43196e-4,1.79282e-4,3.78611e-4,1.22003e-4,0,0.078696112,0,0.001969808,0.092362195,0.00513101,0.004410446,6.99371e-4,3.43671e-4,0,0,6.87342e-4,0.014108846,0.106760298,0,0.06594763,0.01129017,0.139750437,0.069010313,0.123609349,0,0,0,0.009875391,0.214593995,5.89396e-4,0.197913343,0,0,0,0,0,0,0,0,0,1.42051e-4,0
11F1052,DEAN_11F1052_0228,11-S-072,11S072,NA,C,Desmarestia antarctica,Ochrophyta,2019.05.14,T3,5m,1,blade,1ml,batch_14,standardsplus,Bside,-64.7932,-64.007233,41.10204,12.89963263,2.166,-25.802,1.01364e-5,1.02812e-4,4.19938e-5,5.98532e-5,1.76664e-4,1.86317e-4,0,0,0.079748172,0,0.001678304,0.142109943,0.038048804,0.006516281,6.21701e-4,4.34419e-4,0,0,4.34419e-4,0.020946222,0.183466603,0,0.072367881,0.007217625,0.123106538,0.039478041,0.08363091,0,0,2.54376e-4,0.012288257,0.131039023,0,0.179141241,0,0,0,0,0,0,0,0,0,0,0
12F1199,DEAN_12F1199_0241,12-S-088,NA,NA,A,Desmarestia antarctica,Ochrophyta,2019.05.15,T3,5m,4,thallus,1ml,batch_15,standardsplus,Bside,-64.77195,-64.36985,37.26531,12.99381992,2.486,-25.123,3.62949e-5,0.002223831,5.04438e-5,1.15652e-4,0,1.91317e-4,8.36628e-5,0,0.071710714,0,0.001216802,0.076483185,0.015474543,0.007566563,5.77027e-4,0.002399154,0,0,0.003567973,0.009542481,0.065833402,9.70735e-4,0.032611885,0.005246765,0.184678879,0.077161715,0.213188211,0,0,2.84207e-4,0.002535106,0.179516392,0,0.231185557,1.34722e-4,0,0,0,0,0,0,9.166e-5,0,0,0
12F1198,DEAN_12F1198_0253,n/a,NA,NA,A,Desmarestia antarctica,Ochrophyta,2019.05.15,T3,5m,3,thallus,1ml,batch_11,standardsplus,Bside,NA,NA,NA,NA,NA,NA,9.30694e-6,2.95961e-4,2.23367e-5,9.77229e-5,6.14258e-5,1.65664e-4,8.56238e-5,0,0.081257963,0,0.00155519,0.102632282,0.017413285,0.008283177,5.47248e-4,4.65347e-4,0,0,6.51486e-4,0.009557297,0.105269869,0,0.048974049,0.005237946,0.15679495,0.059841763,0.167538882,0,0,0,0.003398895,0.179640696,0,0.206996585,0,0,0,0,0,0,0,0,0,0,0
12F1175,DEAN_12F1175_0267,n/a,NA,NA,A,Desmarestia antarctica,Ochrophyta,2019.05.15,T2,10m,1,thallus,1ml,batch_15,standardsplus,Bside,NA,NA,NA,NA,NA,NA,0,1.08743e-4,3.66065e-5,7.21364e-5,0,2.12103e-4,2.96082e-4,0,0.080690485,0,0.001442728,0.093334812,0.009652281,0.00258399,6.24464e-4,4.30665e-4,0,0,7.53664e-4,0.011354485,0.090760511,6.19081e-4,0.029054819,0.003257981,0.366209587,0.05777695,0.12552272,0,0,3.91905e-4,0.003406561,0.283193511,0,0.204422715,0,0,0,0,0,0,0,0,0,0,0
03F0154,DEME_03F0154_0033,13-S-017,03-S-017,NA,M,Desmarestia menziesii,Ochrophyta,2019.04.28,1,5-30m,1,thallus,1.5ml,batch_1,standardsplus,core,-68.17577,-67.26823,76.77551,15.2594447,3.907,-27.121,4.06721e-5,2.77079e-4,5.42295e-5,6.52449e-5,4.49088e-5,2.37254e-4,6.18555e-5,4.91455e-5,0.032958839,7.62603e-6,0.001792964,0.165934709,0.005018773,0.003050411,0.001136278,6.77869e-4,0,0,3.38935e-4,0.033503676,0.088791521,5.98219e-4,0.065178801,0.003100403,0.234485908,0.076002674,0.081286663,0.006959173,2.71148e-5,0.002804683,0.002294587,0.249839642,0.002103089,0.173303993,3.03346e-4,0,0.001004093,0,0,0,3.38935e-6,3.29614e-4,4.37226e-4,3.81301e-4,0
08F0678,DEME_08F0678_0057,08-S-063,08S063,NA,G,Desmarestia menziesii,Ochrophyta,2019.05.05,Bulk collection,5-30m,1,thallus parts,1ml,batch_4,standardsplus,core,-65.513117,-64.420267,73.95918,15.85585953,5.899,-28.82,6.34059e-5,1.51677e-4,4.72436e-5,3.29462e-5,0,1.90218e-4,6.21626e-5,0,0.063469271,4.04679e-4,0.001421659,0.131700197,0.011321677,0.00428922,0.00109344,6.21626e-4,0,0,0.001243252,0.023587603,0.13636115,0,0.070299077,0.007688272,0.182113454,0.073003772,0.098225009,0.011424867,0,0.002226665,0.008443548,0.198065002,0.0011543600000000001,0.152952351,2.10731e-4,0,0,0,0,0,0,0,0,2.44921e-4,0
12F1161,DEME_12F1161_0082,12-S-058,12S058,NA,A,Desmarestia menziesii,Ochrophyta,2019.05.15,nd,5m,1,thallus,1ml,batch_4,standardsplus,core,-64.77195,-64.36985,37.26531,15.92699894,4.459,-28.022,7.68351e-5,1.93939e-4,5.97092e-5,6.75779e-5,2.45317e-5,2.94843e-4,3.37889e-5,0,0.061896717,5.70709e-4,0.001500599,0.1168019,0.013097613,0.004767481,0.001344152,5.55435e-4,0,0,9.25724e-4,0.033219161,0.160674298,0,0.075251681,0.007506237,0.149275389,0.05963008,0.063654668,0.021572158,0,0.002397626,0.006914699,0.210757844,0.001438576,0.154053053,3.28632e-4,0,0,0,0,0,0,0,0,3.8973e-4,0
12F1079,GECO_12F1079_0229,n/a,NA,NA,A,Georgiella confluens,Rhodophyta,2019.05.15,T1,30-35m,1,thallus,1ml,batch_11,standardsplus,Bside,NA,NA,NA,NA,NA,NA,1.4181e-4,0.004933499,3.68209e-4,3.18451e-4,0.001131993,0.00197539,2.71181e-4,0,0.03337513,0,0.003567643,0.256609097,0.055082026,0.003731845,7.78712e-4,0.002985476,0,0,9.95159e-4,0.026926503,0.0291059,0.015932488,0.022321406,0.001639524,0.447779055,0,9.47889e-4,0,0,0.001151896,0.001520105,0.292847795,0,0.238133978,0,0,0,0,0,0,0,0,0.003206898,0,0
12F1098,GECO_12F1098_0256,12-S-026,nd,little black specks,A,Georgiella confluens,Rhodophyta,2019.05.15,T1,30m,2,thallus,~1ml,batch_15,standardsplus,Bside,-64.77195,-64.36985,37.26531,8.392187592,2.548,-35.599,0,7.92009e-5,0,9.3061e-5,0,0.001005851,1.60382e-4,0,0.026775832,0,0.002227524,0.257723569,0.060501539,0.003168035,5.86086e-4,0.003960043,0,0,0.002376026,0.015065984,0.017798414,0.013206744,0.016941065,0.001403835,0.589852389,0.005748003,0.003728381,0,8.03889e-4,0.001306814,0.001241474,0.279127602,0,0.280986843,0,0,0,0,0,0,0,0.002047342,0.001936461,0,0
14-S-007,NA,14-S-007,NA,NA,NA,Georgiella confluens,Rhodophyta,NA,NA,NA,NA,NA,NA,NA,NA,NA,-64.77926667,-64.04408333,41.06122,7.273251669,1.887,-36.551,NA,NA,NA,NA,NA,NA,NA,NA,NA,NA,NA,NA,NA,NA,NA,NA,NA,NA,NA,NA,NA,NA,NA,NA,NA,NA,NA,NA,NA,NA,NA,NA,NA,NA,NA,NA,NA,NA,NA,NA,NA,NA,NA,NA,NA
12F1206,GYAN_12F1206_0242,n/a,NA,NA,A,Gymnogongrus antarcticus,Rhodophyta,2019.05.15,Bulk,5-35m,1,thallus,1ml,batch_11,standardsplus,Bside,NA,NA,NA,NA,NA,NA,1.74492e-4,3.75829e-4,2.88583e-4,1.47647e-4,5.36898e-4,0.001463048,3.69118e-4,0,0.025623473,0,0.00769778,0.326856997,0.032509194,6.71123e-4,0.001711363,6.71123e-4,0,0,6.71123e-4,0.031522644,0.042810931000000003,0.004442834,0.011422512,0,0.974551019,0,0.001973101,0,0,0,0,0.297643016,0,0.21041717,0,0,0,0,0,0,0,0,0,0,0
14F1388,GYAN_14F1388_0257,14-S-094,14S094,NA,B,Gymnogongrus antarcticus,Rhodophyta,2019.05.17,T3,15m,1,thallus parts,1ml,batch_11,standardsplus,Bside,-64.77926667,-64.04408333,41.06122,6.927953448,2.294,-35.318,8.65103e-5,0.005983051,1.31496e-4,8.65103e-5,1.97243e-4,6.47097e-4,2.11085e-4,0,0.028582996,0,0.006252963,0.310613427,0.039711679,0.001038123,8.96246e-4,3.46041e-4,0,0,3.46041e-4,0.00976528,0.050861123,0.005581643,0.010730735,5.77889e-4,0.527020621,0,0,0,0,4.77537e-4,0.002052024,0.301336065,0,0.222795113,0,0,0,0,0,0,0,0,6.92082e-4,0,0
09F0705,HIGR_09F0705_0122,09-S-004,09S004,NA,E,Himantothallus grandifolius,Ochrophyta,2019.05.07,T1,5-35m,1,blade,1ml,batch_2,standardsplus,core,-65.10425,-64.04705,53.5102,20.29685821,1.772,-22.845,9.43024e-5,6.67309e-4,5.35446e-5,7.27247e-5,9.51016e-5,1.55839e-4,0,0,0.041189361,0.003355726,0.003300583,0.128529346,0.022464744,0.003436443,0.001517629,0.001198759,0,0,0.003116774,0.011235569,0.095972649,7.42431e-4,0.026790666,0.004125329,0.231441212,0.075709625,0.128940121,0.009982466,0,0.001872462,0.0041541,0.244420576,0,0.14024362,0,0,0,0,0,0,0,0.046562199,0,0,0
10F0836,HIGR_10F0836_0130,10-S-009,10S009,NA,D,Himantothallus grandifolius,Ochrophyta,2019.05.10,T1,>=30m,2,blade,1ml,batch_8,standardsplus,core,-64.900167,-63.853133,36.12245,18.71684006,2.48,-22.956,5.78471e-5,2.9025e-4,5.68322e-5,7.20551e-5,6.69808e-5,2.25299e-4,4.3639e-5,0,0.035270465,0,0.002838565,0.150394223,0.032915989,0.003957956,0.001210729,0.001014861,0,0,0.00284161,0.014298371,0.083152604,5.22653e-4,0.030340273,0.00458514,0.222869478,0.06825039,0.099087945,0,0,0.001776006,0.001957666,0.222694922,0.001917072,0.134124992,0,0,0,0,0.041503739,0,0,0.064530926,0,0,0
11F0984,HIGR_11F0984_0131,11-S-035,11S035,NA,C,Himantothallus grandifolius,Ochrophyta,2019.05.14,T1,25m,2,blade,1ml,batch_9,standardsplus,core,-64.7932,-64.007233,41.10204,17.28864178,2.738,-22.752,2.06276e-5,7.21965e-5,4.60153e-5,4.91888e-5,3.64949e-5,1.4836e-4,0,0,0.045632152,0,0.002390418,0.153400891,0.0350153,0.004125514,0.001113889,6.34694e-4,0,0,0.002062757,0.013204025,0.100044508,0,0.051860884,0.004753862,0.158335641,0.075101809,0.090190083,0.016800362,0,0.001555001,0.006277922,0.167228503,0.001829507,0.153717445,3.03067e-4,0,0,0,0,0,0,0.071898982,0,4.85541e-4,0
05F0291,HYSP_05F0291_0193,05-S-010,see comments,"different individuals: 05S010, 05S011, 05S012",L,Hymenocladiopsis sp.,Rhodophyta,2019.04.30,NA,5-30m,1,thallus,1ml,batch_8,standardsplus,Bside,-67.548813,-67.77137,57.87755,6.192113177,1.317,-34.303,2.92657e-4,0.003410847,3.25755e-4,9.75523e-5,2.21235e-4,0.001912722,2.17751e-4,0,0.02219315,0,0.007701406,0.347605004,0.007445332,5.22602e-4,0.003010186,0,0,0,5.22602e-4,0.015902768,0.031753276,0.008666477,0.039898894,0.004402048,0.366822808,0,0,0,0,7.19448e-4,0.003560659,0.131897689,0,0.365561596,0,0,0,0,0,0,0,4.12855e-4,0.00174549,0,0
05F0294,HYSP_05F0294_0205,05-S-011,NA,NA,L,Hymenocladiopsis sp.,Rhodophyta,2019.04.30,NA,5-30m,4,thallus,1ml,batch_8,standardsplus,Bside,-67.548813,-67.77137,57.87755,6.346852819,1.898,-33.832,1.10282e-4,0.001632788,1.19472e-4,7.19897e-5,1.59296e-4,6.57098e-4,1.34789e-4,0,0.017845792,0,0.006595484,0.316292192,0.009669598,7.65848e-4,0.002539552,0.001225357,0,0,0.001072187,0.014857453,0.02528524,0.010789268,0.034858341,0.004229013,0.332368875,0,0,0,0,6.1421e-4,0.003181333,0.146041102,0,0.399218222,0,0,0,0,0,0,0,2.97149e-4,0.001736943,0,0
05F0293,HYSP_05F0293_0217,05-S-012,see comments,"different individuals: 05S010, 05S011, 05S012",L,Hymenocladiopsis sp.,Rhodophyta,2019.04.30,NA,5-30m,3,thallus,1ml,batch_10,standardsplus,Bside,-67.548813,-67.77137,57.87755,6.58623991,-0.334,-33.493,1.05578e-4,0.002533864,2.60425e-4,2.09982e-4,7.96525e-4,0.001159008,2.31098e-4,0,0.022366042,0,0.008534195,0.278945584,0.00742211,3.51926e-4,0.003142695,3.51926e-4,0,0,3.51926e-4,0.021614095,0.036101697,0.016188576,0.046953908,0.007573438,0.257615376,0,2.11155e-4,0,0,7.4139e-4,0.004797918,0.164497046,0,0.374557894,0,0,0,0,0,0,0,0,0,0,0
05F0292,HYSP_05F0292_0231,n/a,see comments,"different individuals: 05S010, 05S011, 05S012",L,Hymenocladiopsis sp.,Rhodophyta,2019.04.30,NA,5-30m,2,thallus,1ml,batch_11,standardsplus,Bside,NA,NA,NA,NA,NA,NA,1.31768e-4,0.003485745,2.98856e-4,1.68446e-4,5.90919e-4,0.001505146,2.9478e-4,0,0.02408506,0,0.008526899,0.301715296,0.012538359,0.001222592,0.002874449,0.002173497,0,0,0.001222592,0.027314061,0.033134956,0.014589596,0.047349625,0.005364461,0.268561322,0,0,0,0,7.63441e-4,0.004113342,0.146171725,0,0.359557476,0,0,0,0,0,0,0,0,8.06911e-4,0,0
08F0700,HYSP_08F0700_0248,08-S-011,NA,NA,G,Hymenocladiopsis sp.,Rhodophyta,2019.05.05,NA,5-35m,4,thallus,0.5ml,batch_11,standardsplus,Bside,-65.513117,-64.420267,73.95918,7.67039176,0.899,-34.791,2.36554e-5,8.98906e-4,1.02014e-4,1.25669e-4,1.41932e-4,7.52538e-4,1.65588e-4,5.88428e-4,0.021524946,0,0.005732002,0.292329141,0.026247158,0.002365541,0.002099418,0.003252619,0,0,0.003400465,0.016996413,0.021279521,0.021320918,0.045045818,0.001944179,0.243978959,4.09534e-4,0,0,0,7.2149e-4,0.004382165,0.133845276,0,0.392790718,0,0,0,0,0,0,0,0,0.001513946,0,0
10F0854,HYSP_10F0854_0268,10-S-008,10S008,NA,D,Hymenocladiopsis sp.,Rhodophyta,2019.05.10,T1,30m,1,thallus,0.25ml,batch_14,standardsplus,Bside,-64.900167,-63.853133,36.12245,5.924565279,3.345,-32.352,6.8497e-5,0.005510585,1.16445e-4,7.70591e-5,2.02066e-4,5.1544e-4,1.42131e-4,0,0.018879491,0,0.003837546,0.323727197,0.012666812,5.13728e-4,0.001798047,0.001027455,0,0,5.13728e-4,0.013759339,0.026458687,0.015728629,0.044509364,0.001760373,0.441896546,0.001041155,0,0,0,0.001244933,0.006204118,0.170466824,0,0.34832619,0,0,0,0,0,0,0,2.99674e-4,6.04486e-4,0,0
14F1393,HYSP_14F1393_0243,14-S-014,14S100,NA,B,Hymenocladiopsis sp.,Rhodophyta,2019.05.17,Bulk collections,5-35m,3,blade,1ml,batch_15,standardsplus,Bside,-64.77926667,-64.04408333,41.06122,7.025984817,2.285,-32.585,3.82377e-5,0.003623664,8.79468e-5,1.69521e-4,1.82267e-4,4.23164e-4,1.46578e-4,0,0.017372684,0,0.004481464,0.321458388,0.004580882,2.54918e-4,0.001751289,2.54918e-4,0,0,2.54918e-4,0.015177837,0.032127357,0.010500086,0.036366649,0.002010031,0.362317972,0.00101585,3.08451e-4,0,0,8.78194e-4,0.004345083,0.11854977,0,0.42312874,1.04517e-4,0,0,0,0,0,0,4.06595e-4,0,0,0
10F0875,IRCO_10F0875_0071,10-S-034,10S034,NA,D,Iridaea cordata,Rhodophyta,2019.05.10,NA,NA,1,blade,1ml,batch_1,standardsplus,core,-64.900167,-63.853133,36.12245,11.15645264,4.019,-11.431,1.9893e-4,4.30626e-4,2.5978e-4,1.2872e-4,7.02107e-5,0.017168869,4.79773e-4,7.95722e-5,0.01816118,0,0.002452696,0.252379559,0.001909732,2.34036e-4,0.001291878,0,0,0,2.34036e-4,0.012876651,0.013918111,0.013206642,0.007222346,0.003316288,0.59274723,0.001233369,9.1508e-4,3.39352e-4,7.48915e-4,0.004844542,0.017704811,0.187338662,0,0.429619575,6.69342e-4,0.002127386,2.34036e-5,3.37012e-4,0,0,2.10632e-5,0.001577402,2.57439e-5,0.001399534,0.005055174
11F1005,IRCO_11F1005_0072,11-S-044,11S044,very reproductive,C,Iridaea cordata,Rhodophyta,2019.05.14,T1,5m,1,blade,0.5ml,batch_2,standardsplus,core,-64.7932,-64.007233,41.10204,14.26609392,4.417,-21.798,2.67239e-4,7.01143e-4,1.95401e-4,8.33326e-5,1.60918e-4,0.001637917,0,5.86202e-4,0.024810131,0,0.00331319,0.265787939,0.02110614,0.002298831,0.001054589,0.003448246,0,0,0.004597662,0.013678043,0.047217984,0.009626354,0.015928024,0.004660879,0.819337764,0.004505708,0,0,0,0,0.002204004,0.079628624,0,0.489303253,0,0,0,0,0,0,0,0,0.003198248,0,0
14F1320,IRCO_14F1320_0095,14-S-049,14S049,NA,B,Iridaea cordata,Rhodophyta,2019.05.17,T1,10m,1,blade,1ml,batch_4,standardsplus,core,-64.77926667,-64.04408333,41.06122,13.4045487,2.923,-22.207,2.88151e-4,0.001822993,1.41135e-4,9.99706e-5,1.8818e-4,0.001258453,1.29374e-4,0,0.01952955,0,0.002158189,0.343093208,0.009314907,0,0.001182005,5.88062e-4,0,0,5.88062e-4,0.023281388,0.038423993,0.004075272,0.010896795,0,1.6703793,0.001305498,0.001387827,7.70362e-4,0,0,0.001211408,0.090214643,0,0.448050573,0,0,0,0,0,0,0,0,0,0,0
14F1207,LAAN_14F1207_0194,14-S-008,14S008,NA,B,Lambia antarctica,Chlorophyta,2019.05.17,T1,25m,1,thallus,0.5ml,batch_8,standardsplus,Bside,-64.77926667,-64.04408333,41.06122,18.23005704,2.123,-30.373,1.37996e-4,0.001523262,1.20746e-4,2.65377e-5,1.68514e-4,8.45224e-4,3.05183e-5,0,0.008798561,0,4.90947e-4,0.163174753,0.018728952,0.00464409,3.02529e-4,0.011145816,0.187488556,0.001990324,7.9613e-4,0.011453653,0.014451082,0.07772482,0.058968004,0.004506094,0.28227311,0.31622937,0.011436404,0,0.003974014,0.001069468,5.9577e-4,0.019466699,0.002103109,0.074280232,0,0,0,0,0,0,0,0.001845694,0.001482128,0,0
14F1208,LAAN_14F1208_0206,14-S-010,14S010,NA,B,Lambia antarctica,Chlorophyta,2019.05.17,T1,30m,2,thallus,0.5ml,batch_9,standardsplus,Bside,-64.77926667,-64.04408333,41.06122,9.631610174,2.657,-32.593,4.49313e-5,0.001220958,7.22807e-5,2.14889e-5,1.68004e-4,5.88014e-4,0,0,0.014643685,0,7.01318e-4,0.167703016,0.045685329,0.012502613,2.9303e-4,0.042977732,0.174841227,3.90707e-4,7.81413e-4,0.006608803,0.013073045,0.056685675,0.053948774,0.003940277,0.359495051,0.294950312,0.007138211,2.28563e-4,0.002992813,7.93135e-4,4.82523e-4,0.018189348,0.001519849,0.067180055,0,0,0,0,0,6.21224e-4,3.69218e-4,0.00123854,0.005753155,0.001650736,0
14F1343,LAAN_14F1343_0218,n/a,NA,NA,B,Lambia antarctica,Chlorophyta,2019.05.17,T2,35m,4,thallus,0.5ml,batch_10,standardsplus,Bside,NA,NA,NA,NA,NA,NA,8.41049e-5,0.002527692,2.12535e-4,5.79642e-5,5.2736e-4,8.81965e-4,1.18201e-4,4.19388e-4,0.023517538,0,0.001060403,0.150645448,0.098730017,0.019321387,3.76199e-4,0.044439191,0.095015764,0.004091588,0.027504563,0.01320901,0.008757135,0.039997545,0.040299868,0.003872233,0.258463336,0.158476293,0.013174913,0,0.001812801,7.14891e-4,0,0.025581517,0.001059267,0.216539335,0,0,0,0,0,0,0,0.001454787,0.003500581,0.002018517,0
14F1209,LAAN_14F1209_0244,14-S-011,14S011,NA,B,Lambia antarctica,Chlorophyta,2019.05.17,T1,35m,3,thallus,0.5ml,batch_11,standardsplus,Bside,-64.77926667,-64.04408333,41.06122,6.417485519,1.695,-30.104,3.96872e-5,0.001003004,1.29885e-4,3.96872e-5,7.57665e-5,0.001327717,0,0,0.023280146,0,0.001315089,0.186659691,0.064917424,0.015153292,5.15934e-4,0.041491156,0,0,0.018220029,0.013643374,0.012818963,0.064150739,0.052672121,0.002727593,0.320762716,0.264623378,0.007481036,0,0.003573651,0.001262774,6.06132e-4,0.029529075,0.001780512,0.182140763,0,0,0,0,0.001324109,8.40647e-4,0,0.00276728,0.003889345,0,0
09F0777,MYMA_09F0777_0159,09-S-053,09S053,NA,E,Myriogramme manginii,Rhodophyta,2019.05.07,T2,5-30m,1,blade,1ml,batch_7,standardsplus,core,-65.10425,-64.04705,53.5102,7.662543506,3.704,-33.101,9.85828e-5,0.001582801,7.85011e-5,7.48499e-5,2.7019e-4,3.55993e-4,0,0,0.016512616,0,0.002550373,0.275369092,0,9.12804e-4,0.001425799,0.001825607,0,0,3.65121e-4,0.018688739,0.012965461,0.105549298,0.020470532,0.006824119,0.500272928,0,0.001475091,0,0,0.001809177,0.003127265,0.049609046,0,0.472885171,0,0,0,0,0,0,0,0,0.00517377,0,0
11F1031,RHLA_11F1031_0198,11-S-054,11S054,NA,C,Myriogramme manginii,Rhodophyta,2019.05.14,nd,nd,1,blade,1ml,batch_6,standardsplus,Bside,-64.7932,-64.007233,41.10204,6.726674341,3.667,-34.411,1.34341e-4,0.001384356,1.01076e-4,1.21547e-4,1.98313e-4,3.74876e-4,7.80459e-5,0,0.014469204,0,0.002286362,0.208864995,0.011699214,5.11777e-4,9.30154e-4,3.83832e-4,0,0,1.27944e-4,0.009316893,0.010803604,0.087918106,0.019009943,0.006031287,0.409791054,8.57226e-4,0,0,0,0.001853911,0.002512823,0.037358414,0,0.563769286,5.29689e-4,0,0,0,0,0,0,6.24367e-4,0,9.28875e-4,0.016819539
11F1042,RHLA_11F1042_0210,11-S-071,see comments,"associated with: 11S052, 11S053.",C,Myriogramme manginii,Rhodophyta,2019.05.14,T3,25m,2,blade,1ml,batch_9,standardsplus,Bside,-64.7932,-64.007233,41.10204,8.560058843,2.829,-33.768,1.6076e-4,0.001695486,1.09317e-4,1.32895e-4,2.48643e-4,3.81538e-4,0,0,0.015538022,0,0.002392114,0.251180517,0.015625904,6.43041e-4,9.23836e-4,4.28694e-4,0,0,0,0.009919984,0.016018159,0.099915762,0.020851687,0.005896689,0.41283682,5.38011e-4,0,3.02229e-4,0,0.001755503,0.002248501,0.039165504,0,0.51169585,7.90941e-4,0,0,0,0,0,0,0,0,0.001440413,0
11F1043,RHLA_11F1043_0222,11-S-076,see comments,"associated with: 11S052, 11S053.",C,Myriogramme manginii,Rhodophyta,2019.05.14,T3,25m,3,blade,1ml,batch_10,standardsplus,Bside,-64.7932,-64.007233,41.10204,8.158786118,2.974,-34.841,1.08735e-4,0.002695987,5.05298e-4,3.19809e-4,4.73317e-4,0.001215273,0,0,0.026141157,0,0.004154314,0.286778792,0.013972439,3.19809e-4,0.001666203,6.39617e-4,0,0,0,0.044968291,0.020608468,0.118920838,0.024740395,0.007093355,0.779507942,0.002884674,0.001896465,0,0,0.002603242,0.002472121,0.052048854,0,0.380981621,0,0,0,0,0,0,0,0,0,0.001790928,0
11F1048,RHLA_11F1048_0235,n/a,NA,NA,C,Myriogramme manginii,Rhodophyta,2019.05.14,T3,15m,4,blade,1ml,batch_11,standardsplus,Bside,NA,NA,NA,NA,NA,NA,1.87146e-4,0.002906801,4.22588e-4,2.35442e-4,7.60658e-4,0.001083636,2.11294e-4,0,0.027024498,0,0.004120232,0.255590235,0.01829202,3.01849e-4,0.001448873,6.03697e-4,0,0,0,0.033161078,0.034362436,0.103506876,0.023670961,0.006652741,0.539795709,0.001246634,9.05546e-4,0,0,0.002441955,0.002677396,0.062736196,0,0.414311242,0,0,0,0,0,0,0,0,0.001137969,0,0
11F0983,MYMA_11F0983_0161,11-S-033,11S033,NA,C,Myriogramme manginii,Rhodophyta,2019.05.14,T1,15m,1,blade,1ml,batch_6,standardsplus,core,-64.7932,-64.007233,41.10204,7.419728379,2.777,-34.757,1.72541e-4,0.001420925,1.30252e-4,7.44294e-5,2.68961e-4,4.60109e-4,0,0,0.022357586,0,0.003234297,0.304766528,0.0149434,5.07473e-4,0.001140124,5.07473e-4,0,0,0,0.017294693,0.018517704,0.124789399,0.02142891,0.006715565,0.604416033,0.002809711,0,0,0,0.001926707,0.002513685,0.041842873,0,0.390292711,9.11761e-4,0,0,0,0,0,0,0,0,0.001679737,0.019292447
14F1218,MYMA_14F1218_0162,14-S-015,14S015,NA,B,Myriogramme manginii,Rhodophyta,2019.05.17,T1,25m,1,blade,1ml,batch_6,standardsplus,core,-64.77926667,-64.04408333,41.06122,7.107752793,2.56,-35.241,9.61431e-5,0.002165406,1.464e-4,1.20179e-4,3.71462e-4,6.14005e-4,0,0,0.026070084,0,0.003196759,0.363145716,0.017345095,6.55521e-4,0.001319783,0.001092536,0,0,0,0.032832879,0.020742880000000002,0.13527994,0.024881405,0.006865494,0.748660005,0.001673765,0,0,0,0.002104224,0.002206922,0.041210442,0,0.293625492,8.12846e-4,0,0,0,0,0,0,0,0,0.001901012,0.019523611
12F1170,MYSM_12F1170_0195,12-S-083,12S083,NA,A,Myriogramme smithii,Rhodophyta,2019.05.15,T2,15m,1,thallus,<0.5ml,batch_8,standardsplus,Bside,-64.77195,-64.36985,37.26531,4.114804537,5.42,-37.609,2.0748e-4,0.004170571,1.77174e-4,3.79991e-4,3.84653e-4,8.78874e-4,1.18893e-4,0,0.026235669,0,0.003079556,0.353207074,0.01695504,0.001631861,0.001049054,0.002564354,0,0,0.002797477,0.013295008,0.014877913,0.103024072,0.021302785,0.005483054,0.47241688,0.008550954,0.019586999,0,0,0.003254398,0.004061004,0.172030828,0,0.220135771,5.59495e-4,0,0,0,0,0,0,0,0,0,0
12F1194,MYSM_12F1194_0207,n/a,NA,NA,A,Myriogramme smithii,Rhodophyta,2019.05.15,T3,25m,2,thallus,1ml,batch_9,standardsplus,Bside,NA,NA,NA,NA,NA,NA,2.92497e-5,1.48199e-4,8.18993e-5,2.59348e-4,1.24799e-4,5.96695e-4,0,0,0.015892361,0,0.002102082,0.246354994,0.005270804,5.84995e-4,7.72193e-4,9.74991e-4,0,0,5.84995e-4,0.011298201,0.013837079,0.063780042,0.013117535,0.004315312,0.307024814,0.003094623,0.005458002,0,0,0.001639936,0.004028665,0.176463706,0,0.428368352,3.91947e-4,0,0,0,0,0,0,0,0,4.28996e-4,0
12F1195,MYSM_12F1195_0219,n/a,NA,NA,A,Myriogramme smithii,Rhodophyta,2019.05.15,T3,20m,3,thallus,1ml,batch_10,standardsplus,Bside,NA,NA,NA,NA,NA,NA,8.32022e-5,0.001478543,4.01007e-4,9.77966e-4,4.71934e-4,0.001981848,2.05959e-4,6.1515e-4,0.021714401,0,0.003824572,0.246122916,0.010079738,6.81985e-4,0.001404889,0.001773161,0,0,0.00136397,0.020035354,0.014204383,0.076353672,0.015202809,0.00427059,0.307224676,0,0.00107208,0,0,0.001968209,0.00425695,0.198348505,0,0.367244808,0,0,0,0,0,0,0,0.001028433,0.00236376,4.69206e-4,0
14F1291,MYSM_14F1291_0232,14-S-026,14S026,NA,B,Myriogramme smithii,Rhodophyta,2019.05.17,T1,20m,1,blade,1ml,batch_15,standardsplus,Bside,-64.77926667,-64.04408333,41.06122,5.675520568,3.818,-37.244,9.88584e-5,0.004263894,1.54778e-4,7.79883e-4,4.08415e-4,4.78315e-4,0,0,0.012901525,0,0.001824387,0.250417402,0.003848489,9.9857e-5,6.52066e-4,3.99428e-4,0,0,0,0.01350566,0.009356601,0.046623236,0.012599957,0.003088577,0.253671742,4.96289e-4,0,0,0,0.001977169,0.003393141,0.165352216,0,0.46610354,3.70469e-4,0,0,0,0,0,0,8.05846e-4,0,0,0
14-S-075,NA,14-S-075,NA,NA,NA,Myriogramme smithii,Rhodophyta,NA,NA,NA,NA,NA,NA,NA,NA,NA,-64.77926667,-64.04408333,41.06122,6.018255435,4.225,-36.976,NA,NA,NA,NA,NA,NA,NA,NA,NA,NA,NA,NA,NA,NA,NA,NA,NA,NA,NA,NA,NA,NA,NA,NA,NA,NA,NA,NA,NA,NA,NA,NA,NA,NA,NA,NA,NA,NA,NA,NA,NA,NA,NA,NA,NA
14F1318,PAOR_14F1318_0245,14-S-046,14S046,NA,B,Pachymenia orbicularis,Rhodophyta,2019.05.17,T1,10m,1,blade,1ml,batch_15,standardsplus,Bside,-64.77926667,-64.04408333,41.06122,10.61467592,2.247,-33.035,0,0.013815439,3.27963e-4,1.93264e-4,0,0.001961921,0,0,0.01168368,0,0.003191782,0.299752271,0.025018887,5.85648e-4,0.002219606,0,0,0,0,0.038418516,0.038576641,0.002582708,0.005745208,0,1.57842121,0,0,0,0,0,0,0.125580524,0,0.430345942,0,0,0,0,0,0,0,0,0,0,0
14F1387,PAOR_14F1387_0258,14-S-093,14S093,NA,B,Pachymenia orbicularis,Rhodophyta,2019.05.17,T3,15m,2,blade,1ml,batch_15,standardsplus,Bside,-64.77926667,-64.04408333,41.06122,9.053093921,2.497,-35.272,6.07246e-5,0.004480969,1.21449e-4,9.36171e-5,2.6567e-4,0.001214492,3.82059e-4,0,0.010391497,0,0.003947099,0.285838265,0.025324687,2.53019e-4,0.001761013,0,0,0,0,0.017769535,0.048701126,0.003461302,0.004394943,0,0.775961663,0,0,0,0,0,2.75791e-4,0.143504872,0,0.447578227,1.79644e-4,0,0,0,0,0,0,0,0,0,0
15-S-050,NA,15-S-050,NA,NA,NA,Pachymenia orbicularis,Rhodophyta,NA,NA,NA,NA,NA,NA,NA,NA,NA,-65.240183,-64.230867,62.85714,8.501485924,4.733,-33.637,NA,NA,NA,NA,NA,NA,NA,NA,NA,NA,NA,NA,NA,NA,NA,NA,NA,NA,NA,NA,NA,NA,NA,NA,NA,NA,NA,NA,NA,NA,NA,NA,NA,NA,NA,NA,NA,NA,NA,NA,NA,NA,NA,NA,NA
12F1178,PADE_12F1178_0196,12-S-087,12S087,NA,A,Palmaria decipiens,Rhodophyta,2019.05.15,T2,5m,1,blade,1ml,batch_7,standardsplus,Bside,-64.77195,-64.36985,37.26531,6.695619158,3.211,-24.29,1.22515e-4,6.179e-4,1.22515e-4,5.59306e-5,1.5048e-4,7.25767e-4,0,6.33881e-4,0.067704047,0.004438496,0.004214774,0.132908527,0.056178339,0.015314344,5.81945e-4,0.010919793,0,0,0.039684125,0.010401768,0.023833114,0.015057329,0.001751162,0.00161533,0.350223057,0.0028231659999999998,0.015793749,0,0.001990865,0,0,0.00390316,0,0.575461095,5.00712e-4,0,0.012495173,0,0,0,0,0,0,0,0
12F1179,PADE_12F1179_0208,12-S-089,12S089,NA,A,Palmaria decipiens,Rhodophyta,2019.05.15,T2,5m,2,blade,1ml,batch_15,standardsplus,Bside,-64.77195,-64.36985,37.26531,8.610732314,2.956,-23.356,3.02554e-5,9.72623e-4,4.98325e-5,4.09338e-5,7.2969e-5,2.49162e-4,5.69514e-5,0,0.067700987,0,0.005321397,0.141856171,0.011659911,0.001690745,5.42818e-4,0.001156825,0,0,0.004449329,0.00716164,0.033458063,0.018322336,0.001284076,0.00105983,0.330565554,7.99989e-4,0.003690273,0,0.004582809,0,3.48827e-4,0.00583218,0,0.685852469,9.20121e-4,0,0,0,0,0,0,8.36474e-4,0,0,0
12F1180,PADE_12F1180_0220,12-S-090,12S090,NA,A,Palmaria decipiens,Rhodophyta,2019.05.15,T2,5m,3,blade,1ml,batch_10,standardsplus,Bside,-64.77195,-64.36985,37.26531,11.1127534,3.625,-23.446,5.30384e-5,0.001033659,2.28654e-4,1.32007e-4,4.0427e-4,0.001132664,1.59115e-4,0,0.078071335,0,0.006978674,0.155606394,0.042951669,0.014025708,9.92407e-4,0.010961268,0,0,0.028405006,0.022100509,0.035597012,0.022652108,0.003540607,0.002262971,0.254850656,0.004682701,0.015130085,0,0.003111586,0,0.001040731,0.008856233,0,0.535723125,0,0,0,0,0,0,0,0.001407285,0.001738481,0.001020694,0
12F1081,PAPL_12F1081_0233,12-S-018,12S018,NA,A,Pantoneura plocamioides,Rhodophyta,2019.05.15,T1,30-35m,1,thallus,1ml,batch_11,standardsplus,Bside,-64.77195,-64.36985,37.26531,7.795020543,1.43,-37.226,1.13558e-4,0.002318245,6.6473e-4,3.07437e-4,8.11524e-4,0.018615202,5.31784e-4,0.001387623,0.011976214,0,0.0032184,0.280831688,0.073100881,0.001938795,0.001243599,0.002492736,0,0,0.001384854,0.026326067,0.053075898,0.05599517,0.015659924,6.53651e-4,0.495916067,0.001224211,0.001030331,0,0,0.001924946,7.42282e-4,0.122019449,0,0.315225911,0,0,0,0,0,0,0,0.001642436,0.003542455,0,0
12-S-027,NA,12-S-027,NA,NA,NA,Pantoneura plocamioides,Rhodophyta,NA,NA,NA,NA,NA,NA,NA,NA,NA,-64.77195,-64.36985,37.26531,8.468687834,2.173,-36.414,NA,NA,NA,NA,NA,NA,NA,NA,NA,NA,NA,NA,NA,NA,NA,NA,NA,NA,NA,NA,NA,NA,NA,NA,NA,NA,NA,NA,NA,NA,NA,NA,NA,NA,NA,NA,NA,NA,NA,NA,NA,NA,NA,NA,NA
12-S-074,NA,12-S-074,NA,NA,NA,Pantoneura plocamioides,Rhodophyta,NA,NA,NA,NA,NA,NA,NA,NA,NA,-64.77195,-64.36985,37.26531,6.777901216,4.005,-27.529,NA,NA,NA,NA,NA,NA,NA,NA,NA,NA,NA,NA,NA,NA,NA,NA,NA,NA,NA,NA,NA,NA,NA,NA,NA,NA,NA,NA,NA,NA,NA,NA,NA,NA,NA,NA,NA,NA,NA,NA,NA,NA,NA,NA,NA
12F1185,PASA_12F1185_0259,n/a,NA,NA,A,Paraglossum salicifolium,Rhodophyta,2019.05.15,T3,35m,1,thallus,<0.5ml,batch_11,standardsplus,Bside,NA,NA,NA,NA,NA,NA,1.1144e-4,0.002128974,1.78769e-4,2.73957e-4,1.18405e-4,0.002087183,2.57706e-4,0,0.028744625,0,0.0049707,0.308773135,0.093667871,0.001393003,0.001534625,0.002321672,0,0,0.001393003,0.017113047,0.043559217,0.021025065,0.003310705,0.002760468,0.390932476,0.001615884,0.001455689,0,0,0,4.9916e-4,0.369872587,0,0.084374216,0,0,0,0,0,9.24026e-4,0,0.001701786,0.003833081,0,0
03F0186,PHAN_03F0186_0145,03-S-037,03S037,NA,M,Callophyllis atrosanguinea,Rhodophyta,2019.04.28,NA,5-30m,2,thallus,1ml,batch_6,standardsplus,core,-68.175766,-67.268234,68.61224,5.784438394,3.541,-21.633,2.15536e-5,4.99099e-4,3.23303e-5,1.52222e-4,1.17871e-4,4.31071e-4,0,0,0.014589735,0,0.005363467,0.231840121,0.011426751,0.001751226,0.001688586,0.003569807,0,0,0.001885936,0.007130858,0.007705395,0.003094282,0.002873358,0.001712834,0.173707494,0.002521092,0.002892891,0,3.34754e-4,0,7.7256e-4,0.404655837,0,0.286247351,0,8.53386e-4,0,0,0,0,0,5.30083e-4,0.003491002,7.0049e-5,0.001744491
08F0702,PHAN_08F0702_0148,08-S-091,08S091,NA,G,Phyllophora antarctica,Rhodophyta,2019.05.05,T3,5-35m,2,thallus,1ml,batch_7,standardsplus,core,-65.513117,-64.420267,73.95918,7.652867459,3.205,-36.433,5.23923e-5,6.20578e-4,6.59421e-5,4.06492e-5,1.635e-4,5.64573e-4,0,0,0.017237081,9.39449e-4,0.004370244,0.25281383,0.014129673,6.32321e-4,0.002154409,5.4199e-4,0,0,6.32321e-4,0.00794557,0.015061895,0.003103795,0.0153627,0.001328778,0.234396115,0,0,0,0,0,0.001227607,0.392129586,0,0.268427652,0,0,0,0,0,0,0,0,4.53465e-4,0,0
09F0709,PHAN_09F0709_0142,09-S-011,09S011,NA,E,Phyllophora antarctica,Rhodophyta,2019.05.07,T1,20m,1,thallus,1ml,batch_6,standardsplus,core,-65.10425,-64.04705,53.5102,6.97524855,2.725,-32.382,1.66576e-5,4.63081e-4,2.73185e-5,2.06554e-5,7.92902e-5,3.34485e-4,0,0,0.01602395,0,0.003440795,0.231131598,0.120562414,0.008195542,8.30881e-4,0.008595324,0,0,0.012926301,0.007683154,0.019365465,0.013524643,0.013350737,0.002310743,0.193678639,0.002080202,0.006749662,0,0,4.26435e-4,0.001149375,0.09151888,0,0.420837065,1.00612e-4,0,0,0,0,0,0,0.005014605,0.008555346,3.76462e-4,0.004308323
11F1044,PIPL_11F1044_0246,11-S-077,NA,NA,C,Picconiella plumosa,Rhodophyta,2019.05.14,T3,25m,2,thallus,0.5ml,batch_11,standardsplus,Bside,-64.7932,-64.007233,41.10204,8.694527837,1.691,-35.473,2.5618e-5,0.001270652,9.05169e-5,3.92809e-5,1.16135e-4,6.8827e-4,9.90562e-5,0,0.021028955,0,0.004168901,0.29746416,0.046062856,0.007514611,8.98338e-4,0.016737088,0,0,0,0.017326301,0.053442546,0.104970573,0.007763959,0.002654024,0.318631453,8.31731e-4,0.001321888,0,0.001145978,0,0.004380677,0.090624498,0,0.316686193,0,0,0,0,0,0,0,4.56e-4,0.002191192,0,0
11F1059,PIPL_11F1059_0260,11-S-078,11S077,NA,C,Picconiella plumosa,Rhodophyta,2019.05.14,T3,5-15m,3,thallus,1ml,batch_15,standardsplus,Bside,-64.7932,-64.007233,41.10204,9.511035522,3.723,-34.062,0,1.90361e-5,5.80601e-5,1.10409e-4,0,0.001342044,1.9512e-4,0,0.017854899,0,0.004439216,0.307783095,0.04481476,0.003807218,0.001047937,0.010184307,0,0,0.00647227,0.014687294,0.045856034,0.112217742,0.007636327,0.003136196,0.30689411,0.002350005,0.002563209,0,0.001677079,8.01419e-4,0.005817429,0.086690348,0,0.313141754,2.09397e-4,0,0,0,0,0,0,0.002317644,0.002769751,0,0
07F0515,PLCA_07F0515_0045,07-S-055,07S055,NA,J,Plocamium sp.,Rhodophyta,2019.05.04,NA,5-30m,1,thallus,0.5ml,batch_4,standardsplus,core,-66.089417,-65.83855,58.36735,7.754416447,3.682,-33.287,4.09068e-5,1.83695e-4,1.84467e-4,8.027e-5,0,0.007654203,3.86685e-4,0,0.045970757,0,0.00362141,0.225836428,0.011845993,0.003010123,0.001253446,0.002161114,0,0,0.006328977,0.021479931,0.007272149,0.002982338,0.008591201,0.004433371,0.242872954,0.005117981,0.010166498,0.002753105,3.17221e-4,0.001448718,0.05018107,0.130341425,0,0.439949584,0.002352527,0,0,0,0,0,0,0,0.004054405,0,0
09F0718,PLCA_09F0718_0077,09-S-019,09S019,NA,E,Plocamium sp.,Rhodophyta,2019.05.07,T1,15m,1,thallus,1ml,batch_4,standardsplus,core,-65.10425,-64.04705,53.5102,6.257625897,2.865,-32.571,4.96696e-5,3.8676e-4,1.38413e-4,5.8279e-5,7.15242e-5,0.006455057,1.49671e-4,0,0.045123806,0,0.00227884,0.21502352,0.092368172,0.011059756,8.33124e-4,0.016490296,0,0,0.019602922,0.009710069,0.008252433,0.004142442,0.007768982,0.003689455,0.201753137,0.005999421,0.013880325,0.001861615,0,0.001217898,0.039735652,0.118507608,0,0.366007077,0.003182163,0,0,0,0,0,0,0,0.00595505,0,0
14F1214,PLCA_14F1214_0106,14-S-004,14S004,NA,B,Plocamium sp.,Rhodophyta,2019.05.17,T1,nd,1,thallus,1ml,batch_1,standardsplus,core,-64.77926667,-64.04408333,41.06122,8.655166382,2.346,-34.759,7.52007e-5,6.59997e-4,1.17667e-4,6.72383e-5,9.32488e-4,0.006838838,2.20294e-4,1.6898e-4,0.042720177,0,0.002398459,0.22520125,0.010881095,0.001504014,9.20102e-4,0.003008027,0,0,0.002211785,0.010735118,0.003564512,0.004323596,0.002538244,0.001968488,0.262901561,0.001051925,0.001887095,0.002744382,3.38845e-4,0.001588946,0.055732547,0.134700334,0,0.470708452,0.007868645,5.90104e-4,0,0,3.98121e-5,6.10453e-5,2.4772e-5,7.83856e-4,7.04232e-4,1.19436e-4,0
15F1417,POPL_15F1417_0197,15-S-020,15S020,NA,F,Porphyra plocamiestris,Rhodophyta,2019.05.18,T1,5m,1,thallus,0.5ml,batch_7,standardsplus,Bside,-65.240183,-64.230867,62.85714,7.716834233,6.496,-30.366,1.50274e-4,0.001023651,1.01175e-4,4.01724e-5,2.12765e-4,2.99061e-4,0,0,0.001959518,7.61787e-4,6.99297e-4,0.213956471,0,1.48786e-4,2.90134e-4,1.48786e-4,0,0,0,0.010480521,0.009909181,0.007689286,0.025618059,0.00128254,0.356162142,0.001818171,0,0,0.020361432,0.033279076,0.011606835,0.043967898,0.002920679,0.608849226,0,0,0.001398593,0,0,0,0,0.001026627,0,0,0
15F1421,POPL_15F1421_0209,15-S-021,NA,NA,F,Porphyra plocamiestris,Rhodophyta,2019.05.18,T1,5m,5,thallus,0.5ml,batch_15,standardsplus,Bside,-65.240183,-64.230867,62.85714,7.602715594,6.147,-29.382,5.11457e-5,0.001345661,4.58548e-5,3.26274e-5,6.08458e-5,1.86065e-4,0,0,9.67359e-4,0,4.84121e-4,0.216171744,0.001835955,8.81823e-5,2.49556e-4,0,0,0,0,0.007666565,0.010382579,0.008978717,0.028284458,0.00203701,0.293210407,0.001253952,7.66304e-4,0,0.031527802,0.037861051,0.014896628,0.04889706,0,0.583156307,0,0,0.001335961,0,0,0,0,0.001436489,0,0,0
15F1420,POPL_15F1420_0221,15-S-022,NA,NA,F,Porphyra plocamiestris,Rhodophyta,2019.05.18,T1,5m,4,thallus,0.5ml,batch_10,standardsplus,Bside,-65.240183,-64.230867,62.85714,7.156445081,5.754,-28.706,4.1235e-5,0.001034865,1.82232e-4,7.58191e-5,2.4608e-4,4.72207e-4,0,0,0.00273215,0,0.00094973500000000005,0.218563985,0.001617475,1.33016e-4,4.74867e-4,1.33016e-4,0,0,0,0.018710037,0.017728379,0.011588358,0.039010946,0.002694905,0.303950976,0.002793337,0.002004552,0,0.037196607,0.042864421,0.018031655,0.069447677,0.003701837,0.506051565,0,0,0.001519043,0,0,0,0,0,0,0,0
15F1418,POPL_15F1418_0234,n/a,15S021,NA,F,Porphyra plocamiestris,Rhodophyta,2019.05.18,T1,5m,2,thallus,0.5ml,batch_15,standardsplus,Bside,NA,NA,NA,NA,NA,NA,1.71468e-4,0.010929667,3.83396e-4,1.17523e-4,6.47341e-4,6.24222e-4,0,0,0.002458356,0,9.4404e-4,0.22509373,0.004140288,1.92661e-4,5.12479e-4,0,0,0,0,0.02468182,0.009993334,0.008847,0.024857142,0.00139872,0.549296209,0,5.9725e-4,0,0.025598887,0.0319201,0.015751976,0.052109062,0,0.55590834,0,0,0.001167527,0,0,0,0,9.53673e-4,0,0,0
12F1080,GISK_12F1080_0192,12-S-019,12S019,NA,A,Sarcopeltis antarctica,Rhodophyta,2019.05.15,T1,30-35m,1,blade,1ml,batch_9,standardsplus,Bside,-64.77195,-64.36985,37.26531,14.26402902,3.027,-23.455,2.38152e-4,0.002107127,1.76025e-4,6.21266e-5,2.38152e-4,0.001128633,2.17443e-4,0,0.015976889,0,0.004457583,0.318357373,0.015521294,0,0.001910393,0,0,0,0,0.021356016,0.045725173,0.005399836,0.003784545,7.45519e-4,0.966565538,0,0,0,0,0,0,0.258876337,0,0.303721383,0,0,0,0,0,0,0,0,0,0,0
12F1095,GISK_12F1095_0204,12-S-023,nd,NA,A,Sarcopeltis antarctica,Rhodophyta,2019.05.15,T1,30m,2,blade,1ml,batch_8,standardsplus,Bside,-64.77195,-64.36985,37.26531,13.08988978,1.967,-26.558,4.36793e-4,0.003057553,3.53595e-4,1.17865e-4,3.53595e-4,0.001878904,2.1493e-4,0,0.017568795,0,0.003688476,0.328884513,0.015474961,0,0.002038368,0,0,0,0,0.028135032,0.04996776,0,0.0042986,0.001331179,1.498713887,0,0,0,0,0,0,0.191149044,0,0.351050037,0,0,0,0,0,0,0,0,0,0,0
12F1104,GISK_12F1104_0216,12-S-037,12S037,NA,A,Sarcopeltis antarctica,Rhodophyta,2019.05.15,T1,nd,3,blade,1ml,batch_10,standardsplus,Bside,-64.77195,-64.36985,37.26531,14.15155826,1.774,-26.392,1.96914e-4,0.004806487,4.65433e-4,1.61111e-4,8.95063e-4,0.002000465,2.8642e-4,0,0.021333823,0,0.004511117,0.324554259,0.014719308,4.47531e-4,0.002000465,0,0,0,0,0.061638502,0.057413805,0.008216677,0.003168522,0,1.056008557,0,0,0,0,0,0,0.236296588,0,0.256887509,0,0,0,0,0,0,0,0,0,0,0
12F1159,GISK_12F1159_0230,n/a,NA,NA,A,Sarcopeltis antarctica,Rhodophyta,2019.05.15,T1,5m,4,blade,1ml,batch_14,standardsplus,Bside,NA,NA,NA,NA,NA,NA,3.2259e-4,0.015198271,9.25165e-4,2.37378e-4,0.003566755,0.002501598,0,0,0.01832679,0,0.004650172,0.294464226,0.029440945,0,0.001746858,0,0,0,0,0.052953529,0.049441553,0.006963085,0.003110259,0.002020755,1.382269698,0,0,0,0,0,0,0.164448096,0,0.349681974,0,0,0,0,0,0,0,0,0,0,0
12F1169,GISK_12F1169_0255,n/a,NA,NA,A,Sarcopeltis antarctica,Rhodophyta,2019.05.15,T2,15m,5,blade,1ml,batch_11,standardsplus,Bside,NA,NA,NA,NA,NA,NA,3.33379e-6,0.00192693,6.66758e-5,2.76704e-4,1.73357e-4,0.001120153,3.1671e-4,0,0.037275094,0,0.005157372,0.401894926,0.01222167,3.33379e-4,0.001463533,3.33379e-4,0,0,0,0.010388086,0.01753573,9.46796e-4,0.003030414,0.001040142,0.527682117,0,0,0,0,0,0,0.427495091,0,0.077000523,0,0,0,0,0,0,0,0,0,0,0
14F1293,GISK_14F1293_0271,14-S-028,14S028,NA,B,Sarcopeltis antarctica,Rhodophyta,2019.05.17,T1,20m,1,blade,1ml,batch_14,standardsplus,Bside,-64.77926667,-64.04408333,41.06122,14.28284665,1.9,-27.242,1.19913e-4,0.011215835,2.79796e-4,1.11919e-4,4.23692e-4,0.001502906,0,0,0.014805222,0,0.004868456,0.289109528,0.017539231,0.001598836,0.002310318,0.002398254,0,0,0.00399709,0.033871342,0.060571904,0.005020345,0.003717294,0,1.979071236,0,0,0,0,0,0,0.211541997,0,0.334996123,0,0,0,0,0,0,0,0,0,0,0
14-S-047,NA,14-S-047,NA,NA,NA,Sarcopeltis antarctica,Rhodophyta,NA,NA,NA,NA,NA,NA,NA,NA,NA,-64.77926667,-64.04408333,41.06122,13.24801902,2.935,-23.257,NA,NA,NA,NA,NA,NA,NA,NA,NA,NA,NA,NA,NA,NA,NA,NA,NA,NA,NA,NA,NA,NA,NA,NA,NA,NA,NA,NA,NA,NA,NA,NA,NA,NA,NA,NA,NA,NA,NA,NA,NA,NA,NA,NA,NA
14-S-062,NA,14-S-062,NA,NA,NA,Sarcopeltis antarctica,Rhodophyta,NA,NA,NA,NA,NA,NA,NA,NA,NA,-64.77926667,-64.04408333,41.06122,16.29891294,2.058,-24.392,NA,NA,NA,NA,NA,NA,NA,NA,NA,NA,NA,NA,NA,NA,NA,NA,NA,NA,NA,NA,NA,NA,NA,NA,NA,NA,NA,NA,NA,NA,NA,NA,NA,NA,NA,NA,NA,NA,NA,NA,NA,NA,NA,NA,NA
15-S-075,NA,15-S-075,NA,NA,NA,Sarcopeltis antarctica,Rhodophyta,NA,NA,NA,NA,NA,NA,NA,NA,NA,-65.240183,-64.230867,62.85714,15.59648774,2.405,-22.975,NA,NA,NA,NA,NA,NA,NA,NA,NA,NA,NA,NA,NA,NA,NA,NA,NA,NA,NA,NA,NA,NA,NA,NA,NA,NA,NA,NA,NA,NA,NA,NA,NA,NA,NA,NA,NA,NA,NA,NA,NA,NA,NA,NA,NA
14F1357,SYAU_14F1357_0247,n/a,NA,little brown mystery,B,Microzonia australe,Ochrophyta,2019.05.17,nd,nd,1,nd,0.3ml,batch_15,standardsplus,Bside,NA,NA,NA,NA,NA,NA,1.39758e-5,4.57319e-4,5.43504e-5,2.17401e-5,7.53141e-5,2.26719e-4,0,0,0.038419492,0,0.002365017,0.122108173,0.066656055,0.009161917,0.00178735,0.018712052,0,0,0.007686693,0.014391198,0.037251735,0.005772784,0.034478314,0.004695871,0.235069957,0.114082954,0.150699567,0,0.001429414,0.001843254,0.010938398,0.131140426,0,0.202975294,3.73465e-4,0,0,0,0,3.95205e-4,0,0.001670109,0.020115844,0,0
14F1358,SYAU_14F1358_0261,n/a,NA,little brown mystery,B,Microzonia australe,Ochrophyta,2019.05.17,nd,nd,2,nd,0.5ml,batch_15,standardsplus,Bside,NA,NA,NA,NA,NA,NA,6.08322e-6,2.32566e-4,3.27558e-5,2.01214e-5,3.69672e-5,1.46933e-4,0,0,0.04250812,0,0.003363551,0.109415089,0.035174567,0.006363981,0.002440306,0.009826736,0,0,0.004679398,0.016186974,0.036537208,0.006140774,0.046805211,0.006808524,0.159900179,0.122744355,0.181144178,0,0.006632579,0.004067801,0.010079891,0.148035097,0,0.187201191,3.7014e-4,0,0,0,0,4.07576e-4,0,0.002045365,0.010545959,0,0
11F0994,TRAN_11F0994_0199,11-S-042,11S042,NA,C,Trematocarpus antarcticus,Rhodophyta,2019.05.14,T1,10m,2,blade,1ml,batch_6,standardsplus,Bside,-64.7932,-64.007233,41.10204,7.92989279,4.506,-18.954,5.57068e-5,4.65058e-4,5.4455e-5,1.52098e-4,1.1204e-4,6.41567e-4,1.79639e-4,0,0.020669734,0,0.002933684,0.253986793,0.007718211,8.76287e-4,0.001046537,0.002128126,0,0,0.002128126,0.007401496,0.014867462,0,0.003696054,0.001039026,0.218693706,0,0,0,0,0,8.14321e-4,0.501428348,0,0.175598535,0,0,0,0,0,0,0,0,4.08725e-4,9.51397e-5,0.001502832
11F0982,TRAN_11F0982_0211,11-S-034,11S034,NA,C,Trematocarpus antarcticus,Rhodophyta,2019.05.14,T1,25m,1,blade,1ml,batch_9,standardsplus,Bside,-64.7932,-64.007233,41.10204,5.686599838,3.96,-20.229,7.19831e-5,0.001351263,7.57717e-5,1.25023e-4,1.67961e-4,7.45089e-4,0,0,0.023169734,0,0.004657436,0.308451579,0.006435546,1.26286e-4,0.001872825,1.26286e-4,0,0,0,0.007962346,0.012427827,0.00184883,0.004130822,0.001312114,0.21186156,0,0,1.36389e-4,0,1.99532e-4,0,0.434850199,0,0.189755156,0,0,0,0,0,0,0,0,0,0,0
11F1023,TRAN_11F1023_0223,11-S-061,11S061,NA,C,Trematocarpus antarcticus,Rhodophyta,2019.05.14,T2,10m,3,blade,1ml,batch_10,standardsplus,Bside,-64.7932,-64.007233,41.10204,5.633265547,3.977,-22.594,8.63643e-5,0.001610577,4.31821e-4,2.45088e-4,0.001318805,0.001951365,4.29487e-4,5.43861e-4,0.038088969,0,0.005609008,0.33179745,0.01408671,0.001400501,0.002012054,0.003267837,0,0,0.00373467,0.037979263,0.017496931,0.002369182,0.004404577,0.001839325,0.546032146,0,0.001118067,0,0,0,9.78017e-4,0.427015205,0,0.100184866,0,0,0,0,0,0,0,0,0,0,0
12F1100,TRAN_12F1100_0236,12-S-032,12S032,NA,A,Trematocarpus antarcticus,Rhodophyta,2019.05.15,T1,25m,2,blade,1ml,batch_15,standardsplus,Bside,-64.77195,-64.36985,37.26531,6.956785472,3.353,-25.945,1.79768e-4,0.005783458,2.43735e-4,2.98878e-4,0.001381898,7.15764e-4,0,0,0.017527936,0,0.003256779,0.317626974,0.006292984,2.20574e-4,0.001606884,2.20574e-4,0,0,0,0.021649366,0.015126985,0.001702833,0.003938354,0.001452482,0.334303493,0,0,0,0,0,7.84142e-4,0.443395124,0,0.156594509,0,0,0,0,0,0,0,0,0,0,0
15F1500,TRAN_15F1500_0262,15-S-076,15S076,NA,F,Trematocarpus antarcticus,Rhodophyta,2019.05.18,Bulk collections,5-20m,3,blade,0.75ml,batch_14,standardsplus,Bside,-65.240183,-64.230867,62.85714,5.812606594,2.823,-25.081,1.12294e-4,0.003677926,8.56678e-5,1.86385e-4,1.35448e-4,7.66379e-4,1.75966e-4,0,0.01878324,0,0.003021526,0.315418348,0.003519325,2.31535e-4,0.001398469,2.31535e-4,0,0,0,0.011038409,0.008190534,0.001900899,0.002470474,9.31927e-4,0.247759324,7.25861e-4,1.4934e-4,0,0,0,0,0.551987608,0,0.074064427,0,0,0,0,0,0,0,8.10371e-5,7.15442e-4,0,0
09-S-029,NA,09-S-029,NA,NA,NA,Iridaea cordata,Rhodophyta,NA,NA,NA,NA,NA,NA,NA,NA,NA,-65.10425,-64.04705,53.5102,12.65382334,5.201,-20.107,NA,NA,NA,NA,NA,NA,NA,NA,NA,NA,NA,NA,NA,NA,NA,NA,NA,NA,NA,NA,NA,NA,NA,NA,NA,NA,NA,NA,NA,NA,NA,NA,NA,NA,NA,NA,NA,NA,NA,NA,NA,NA,NA,NA,NA
11-S-069,NA,11-S-069,NA,NA,NA,Iridaea cordata,Rhodophyta,NA,NA,NA,NA,NA,NA,NA,NA,NA,-64.7932,-64.007233,41.10204,12.11323872,3.946,-24.373,NA,NA,NA,NA,NA,NA,NA,NA,NA,NA,NA,NA,NA,NA,NA,NA,NA,NA,NA,NA,NA,NA,NA,NA,NA,NA,NA,NA,NA,NA,NA,NA,NA,NA,NA,NA,NA,NA,NA,NA,NA,NA,NA,NA,NA
13-S-019,NA,13-S-019,NA,NA,NA,Iridaea cordata,Rhodophyta,NA,NA,NA,NA,NA,NA,NA,NA,NA,-66.02505,-65.353333,76.77551,11.92461055,5.805,-20.109,NA,NA,NA,NA,NA,NA,NA,NA,NA,NA,NA,NA,NA,NA,NA,NA,NA,NA,NA,NA,NA,NA,NA,NA,NA,NA,NA,NA,NA,NA,NA,NA,NA,NA,NA,NA,NA,NA,NA,NA,NA,NA,NA,NA,NA
13-S-009,NA,13-S-009,NA,NA,NA,Callophyllis atrosanguinea,Rhodophyta,NA,NA,NA,NA,NA,NA,NA,NA,NA,-66.02505,-65.353333,76.77551,6.777602668,3.91,-20.477,NA,NA,NA,NA,NA,NA,NA,NA,NA,NA,NA,NA,NA,NA,NA,NA,NA,NA,NA,NA,NA,NA,NA,NA,NA,NA,NA,NA,NA,NA,NA,NA,NA,NA,NA,NA,NA,NA,NA,NA,NA,NA,NA,NA,NA
13-S-004,NA,13-S-004,NA,NA,NA,Callophyllis atrosanguinea,Rhodophyta,NA,NA,NA,NA,NA,NA,NA,NA,NA,-66.02505,-65.353333,76.77551,6.056537707,3.094,-25.881,NA,NA,NA,NA,NA,NA,NA,NA,NA,NA,NA,NA,NA,NA,NA,NA,NA,NA,NA,NA,NA,NA,NA,NA,NA,NA,NA,NA,NA,NA,NA,NA,NA,NA,NA,NA,NA,NA,NA,NA,NA,NA,NA,NA,NA
09F0739,IRCO_09F0739_0101,NA,NA,NA,E,Iridaea cordata,Rhodophyta,NA,NA,NA,NA,NA,NA,batch_4,standardsplus,core,NA,NA,NA,NA,NA,NA,5.53159e-4,0.002921369,1.97063e-4,1.55576e-4,3.59553e-4,0.001607617,2.10892e-4,1.41747e-4,0.018230031,0,0.003014714,0.318342737,0.009856594,3.45724e-4,8.05537e-4,0,0,0,0,0.021272403,0.027858447,0.008117602,0.011519526,0.002181519,0.933641719,0.001210034,0,4.80556e-4,0,0,0.001220406,0.055274367,0,0.514122829,0,0,0,0,0,0,0,0,0,0,0
11F1030,IRCO_11F1030_0076,NA,NA,NA,C,Iridaea cordata,Rhodophyta,NA,NA,NA,NA,NA,NA,batch_4,standardsplus,core,NA,NA,NA,NA,NA,NA,2.06949e-4,4.32959e-4,3.62161e-4,2.47794e-4,0,0.026516719,6.39909e-4,2.39625e-4,0.021506372,0,0.003286679,0.272644592,0.002940856,2.72301e-4,0.001301601,2.72301e-4,0,0,8.16904e-4,0.016716589,0.011409433,0.012966997,0.006818429,0.003014378,0.75008169,0,0,3.78499e-4,0,0.003828559,0.016624006,0.201821697,0,0.394733689,0,0,0,0,0,0,0,0,0,0,0
13F1251,IRCO_13F1251_0094,NA,NA,NA,I,Iridaea cordata,Rhodophyta,NA,NA,NA,NA,NA,NA,batch_4,standardsplus,core,NA,NA,NA,NA,NA,NA,6.71996e-5,0.001701494,1.31711e-4,1.07519e-4,2.25791e-4,0.001099386,1.39775e-4,3.25246e-4,0.016238112,0,0.002505201,0.281415815,0.013404977,2.68798e-4,8.70907e-4,2.68798e-4,0,0,2.68798e-4,0.013050163,0.04041653,0.006214619,0.019350798,0.003174509,0.756995479,0.001102074,7.28444e-4,3.7363e-4,0,0,0.001107449,0.090899561,0,0.504542693,0,0,0,0,0,0,0,0,0,0,0
13F1230,PHAN_13F1230_0143,NA,NA,NA,I,Callophyllis atrosanguinea,Rhodophyta,NA,NA,NA,NA,NA,NA,batch_6,standardsplus,core,NA,NA,NA,NA,NA,NA,2.73061e-5,7.02986e-5,6.79747e-5,1.0051e-4,2.76547e-4,7.00082e-4,0,0,0.020078688,0,0.005964346,0.283282052,0.014662787,0.002207726,0.001833575,0.004647844,0,0,0.001510549,0.011597534,0.012474234,0.001674386,0.003295903,0.00203808,0.169345374,0,9.30731e-4,0,3.33483e-4,0,7.86648e-4,0.370954923,0,0.256168271,1.27816e-4,0,0,0,0,3.06758e-4,0,2.02181e-4,0.001643594,2.15544e-4,0.001819631
13F1231,PHAN_13F1231_0150,NA,NA,NA,I,Callophyllis atrosanguinea,Rhodophyta,NA,NA,NA,NA,NA,NA,batch_9,standardsplus,core,NA,NA,NA,NA,NA,NA,5.9174e-5,1.44976e-4,8.72816e-5,1.30183e-4,2.84035e-4,7.44113e-4,0,4.34929e-4,0.02140618,0,0.005299028,0.290893275,0.029547038,0.002071089,0.001707169,0.002071089,0,0,0.001183479,0.010461956,0.013423613,0.003995722,0.005503178,0.002093279,0.216499771,0,0,1.65687e-4,3.12143e-4,2.7368e-4,7.64823e-4,0.353602881,0,0.248653423,0,0,0,0,0,0,0,8.1808e-4,0.003708728,1.5977e-4,0
